run,ar_order,ma_order,volatility_type,loss
1,1,1,involatile,0.0014909603632986546
2,1,1,involatile,0.0055737909860908985
3,1,1,involatile,0.002241489477455616
4,1,1,involatile,0.0056093609891831875
5,1,1,involatile,0.0026645944453775883
6,1,1,involatile,0.0017322251806035638
7,1,1,involatile,0.0036487821489572525
8,1,1,involatile,0.005238736514002085
9,1,1,involatile,0.001368476776406169
10,1,1,involatile,0.0013086554827168584
11,1,1,involatile,0.00377442198805511
12,1,1,involatile,0.0015195459127426147
13,1,1,involatile,0.003584562335163355
14,1,1,involatile,0.0019911990966647863
15,1,1,involatile,0.005255417432636023
16,1,1,involatile,0.0017402666853740811
17,1,1,involatile,0.005234931129962206
18,1,1,involatile,0.004042922519147396
19,1,1,involatile,0.0009118659072555602
20,1,1,involatile,0.0020148742478340864
1,1,1,volatile,0.009940769523382187
2,1,1,volatile,0.011523404158651829
3,1,1,volatile,0.003387309843674302
4,1,1,volatile,0.024514215067029
5,1,1,volatile,0.008298222906887531
6,1,1,volatile,0.011666365899145603
7,1,1,volatile,0.010345222428441048
8,1,1,volatile,0.017094774171710014
9,1,1,volatile,0.005249232053756714
10,1,1,volatile,0.01316542737185955
11,1,1,volatile,0.016429593786597252
12,1,1,volatile,0.011776831932365894
13,1,1,volatile,0.010714228264987469
14,1,1,volatile,0.018409021198749542
15,1,1,volatile,0.008554561994969845
16,1,1,volatile,0.013656829483807087
17,1,1,volatile,0.016033947467803955
18,1,1,volatile,0.006477878428995609
19,1,1,volatile,0.006735329050570726
20,1,1,volatile,0.01616518758237362
1,1,1,inline,0.0010412787087261677
2,1,1,inline,0.0031393743120133877
3,1,1,inline,0.002382271457463503
4,1,1,inline,0.0026518648955971003
5,1,1,inline,0.0018783367704600096
6,1,1,inline,0.005695374216884375
7,1,1,inline,0.004857745487242937
8,1,1,inline,0.004187369719147682
9,1,1,inline,0.0011556550161913037
10,1,1,inline,0.009530844166874886
11,1,1,inline,0.0013376632705330849
12,1,1,inline,0.0022244302090257406
13,1,1,inline,0.0054962895810604095
14,1,1,inline,0.00489264028146863
15,1,1,inline,0.0034905741922557354
16,1,1,inline,0.0042932056821882725
17,1,1,inline,0.0022103129886090755
18,1,1,inline,0.0021640139166265726
19,1,1,inline,0.0030519021674990654
20,1,1,inline,0.0017302214400842786
1,1,2,involatile,0.001145184156484902
2,1,2,involatile,0.001476636272855103
3,1,2,involatile,0.0017631183145567775
4,1,2,involatile,0.0016886726953089237
5,1,2,involatile,0.0019748620688915253
6,1,2,involatile,0.0025398817379027605
7,1,2,involatile,0.0021359927486628294
8,1,2,involatile,0.003896655049175024
9,1,2,involatile,0.0016713780350983143
10,1,2,involatile,0.0019620077218860388
11,1,2,involatile,0.001813732204027474
12,1,2,involatile,0.0016998720820993185
13,1,2,involatile,0.003350267419591546
14,1,2,involatile,0.006211648695170879
15,1,2,involatile,0.004193792585283518
16,1,2,involatile,0.0025587694253772497
17,1,2,involatile,0.0019429490203037858
18,1,2,involatile,0.0025510736741125584
19,1,2,involatile,0.003261107485741377
20,1,2,involatile,0.0019209637539461255
1,1,2,volatile,0.008433740586042404
2,1,2,volatile,0.0057554831728339195
3,1,2,volatile,0.010890701785683632
4,1,2,volatile,0.015599613077938557
5,1,2,volatile,0.014009774662554264
6,1,2,volatile,0.0075773983262479305
7,1,2,volatile,0.02130601555109024
8,1,2,volatile,0.013122030533850193
9,1,2,volatile,0.017437037080526352
10,1,2,volatile,0.011450224556028843
11,1,2,volatile,0.031278759241104126
12,1,2,volatile,0.005268987733870745
13,1,2,volatile,0.00727250287309289
14,1,2,volatile,0.007022140081971884
15,1,2,volatile,0.01160665974020958
16,1,2,volatile,0.010829751379787922
17,1,2,volatile,0.025178497657179832
18,1,2,volatile,0.0024730460718274117
19,1,2,volatile,0.004913661628961563
20,1,2,volatile,0.010563788004219532
1,1,2,inline,0.008327496238052845
2,1,2,inline,0.0019966005347669125
3,1,2,inline,0.0037165950052440166
4,1,2,inline,0.002527765464037657
5,1,2,inline,0.0026516879443079233
6,1,2,inline,0.00168920261785388
7,1,2,inline,0.0020253867842257023
8,1,2,inline,0.0024439168628305197
9,1,2,inline,0.0048051876947283745
10,1,2,inline,0.0017019578954204917
11,1,2,inline,0.0027685065288096666
12,1,2,inline,0.0036132989916950464
13,1,2,inline,0.002881024032831192
14,1,2,inline,0.0027038126718252897
15,1,2,inline,0.006038560066372156
16,1,2,inline,0.0013327968772500753
17,1,2,inline,0.0033064621966332197
18,1,2,inline,0.0020323963835835457
19,1,2,inline,0.0011568268528208137
20,1,2,inline,0.0010568957077339292
1,1,3,involatile,0.0037758019752800465
2,1,3,involatile,0.003627859055995941
3,1,3,involatile,0.005303980316966772
4,1,3,involatile,0.004211416933685541
5,1,3,involatile,0.002856764243915677
6,1,3,involatile,0.0018988015362992883
7,1,3,involatile,0.0020614610984921455
8,1,3,involatile,0.0011885486310347915
9,1,3,involatile,0.0022224767599254847
10,1,3,involatile,0.0016977087361738086
11,1,3,involatile,0.0022535633761435747
12,1,3,involatile,0.0019063318613916636
13,1,3,involatile,0.008293945342302322
14,1,3,involatile,0.003118833526968956
15,1,3,involatile,0.004782215692102909
16,1,3,involatile,0.0011937008239328861
17,1,3,involatile,0.0015257770428434014
18,1,3,involatile,0.004273256752640009
19,1,3,involatile,0.0024106327909976244
20,1,3,involatile,0.002231537364423275
1,1,3,volatile,0.015572062693536282
2,1,3,volatile,0.009944732300937176
3,1,3,volatile,0.023873567581176758
4,1,3,volatile,0.005839514546096325
5,1,3,volatile,0.004390157293528318
6,1,3,volatile,0.018511977046728134
7,1,3,volatile,0.008300659246742725
8,1,3,volatile,0.0063043441623449326
9,1,3,volatile,0.01949453540146351
10,1,3,volatile,0.003289383603259921
11,1,3,volatile,0.016133848577737808
12,1,3,volatile,0.014262955635786057
13,1,3,volatile,0.007576779928058386
14,1,3,volatile,0.00815740879625082
15,1,3,volatile,0.01821090839803219
16,1,3,volatile,0.011043531820178032
17,1,3,volatile,0.012837240472435951
18,1,3,volatile,0.01430849265307188
19,1,3,volatile,0.0130230151116848
20,1,3,volatile,0.008775915950536728
1,1,3,inline,0.0041326186619699
2,1,3,inline,0.004430355969816446
3,1,3,inline,0.0028574366588145494
4,1,3,inline,0.0018947283970192075
5,1,3,inline,0.0014853989705443382
6,1,3,inline,0.0018848222680389881
7,1,3,inline,0.0017005210975185037
8,1,3,inline,0.002497914945706725
9,1,3,inline,0.002288296353071928
10,1,3,inline,0.00699498550966382
11,1,3,inline,0.0017973481444641948
12,1,3,inline,0.0017175987595692277
13,1,3,inline,0.0033408300951123238
14,1,3,inline,0.0016507036052644253
15,1,3,inline,0.006720984820276499
16,1,3,inline,0.002343121450394392
17,1,3,inline,0.0013765903422608972
18,1,3,inline,0.001520194229669869
19,1,3,inline,0.002286448609083891
20,1,3,inline,0.00555694755166769
1,1,4,involatile,0.009494110941886902
2,1,4,involatile,0.0015645151725038886
3,1,4,involatile,0.0065431552939116955
4,1,4,involatile,0.0025559975765645504
5,1,4,involatile,0.0013754786923527718
6,1,4,involatile,0.006771887186914682
7,1,4,involatile,0.0023325346410274506
8,1,4,involatile,0.0017150607891380787
9,1,4,involatile,0.0033630230464041233
10,1,4,involatile,0.0022014372516423464
11,1,4,involatile,0.0018404513830319047
12,1,4,involatile,0.001426154631190002
13,1,4,involatile,0.003464441280812025
14,1,4,involatile,0.0016660745022818446
15,1,4,involatile,0.0012447410263121128
16,1,4,involatile,0.0026430755387991667
17,1,4,involatile,0.0012854854576289654
18,1,4,involatile,0.0030936752445995808
19,1,4,involatile,0.002570840297266841
20,1,4,involatile,0.002094064839184284
1,1,4,volatile,0.0075753177516162395
2,1,4,volatile,0.007938933558762074
3,1,4,volatile,0.004859231878072023
4,1,4,volatile,0.009560681879520416
5,1,4,volatile,0.022968262434005737
6,1,4,volatile,0.01649647206068039
7,1,4,volatile,0.030468184500932693
8,1,4,volatile,0.0063981907442212105
9,1,4,volatile,0.015459820628166199
10,1,4,volatile,0.013810094445943832
11,1,4,volatile,0.008202783763408661
12,1,4,volatile,0.009990440681576729
13,1,4,volatile,0.008250023238360882
14,1,4,volatile,0.006010702811181545
15,1,4,volatile,0.03027038276195526
16,1,4,volatile,0.004984362982213497
17,1,4,volatile,0.007293683476746082
18,1,4,volatile,0.012233268469572067
19,1,4,volatile,0.007093485444784164
20,1,4,volatile,0.02133980020880699
1,1,4,inline,0.0013147618155926466
2,1,4,inline,0.009181533008813858
3,1,4,inline,0.002385795349255204
4,1,4,inline,0.0020740546751767397
5,1,4,inline,0.002939420286566019
6,1,4,inline,0.0016445086803287268
7,1,4,inline,0.0032523274421691895
8,1,4,inline,0.0029144668951630592
9,1,4,inline,0.004043836612254381
10,1,4,inline,0.0017977249808609486
11,1,4,inline,0.003859661752358079
12,1,4,inline,0.0042091659270226955
13,1,4,inline,0.002749649342149496
14,1,4,inline,0.005497380625456572
15,1,4,inline,0.007468969561159611
16,1,4,inline,0.002599411178380251
17,1,4,inline,0.004838672932237387
18,1,4,inline,0.002729567466303706
19,1,4,inline,0.0037234961055219173
20,1,4,inline,0.0038620103150606155
1,2,1,involatile,0.002277842490002513
2,2,1,involatile,0.0017687021754682064
3,2,1,involatile,0.004023288376629353
4,2,1,involatile,0.005840553902089596
5,2,1,involatile,0.001415748381987214
6,2,1,involatile,0.0012332285987213254
7,2,1,involatile,0.0020410639699548483
8,2,1,involatile,0.002034529345110059
9,2,1,involatile,0.0023659674916416407
10,2,1,involatile,0.0026631548535078764
11,2,1,involatile,0.003148257965222001
12,2,1,involatile,0.001934357569552958
13,2,1,involatile,0.0036208361852914095
14,2,1,involatile,0.0008243770571425557
15,2,1,involatile,0.00356758083216846
16,2,1,involatile,0.0021364360582083464
17,2,1,involatile,0.002208550227805972
18,2,1,involatile,0.001945873606018722
19,2,1,involatile,0.001992018660530448
20,2,1,involatile,0.003185797482728958
1,2,1,volatile,0.0047704982571303844
2,2,1,volatile,0.015803413465619087
3,2,1,volatile,0.004731977824121714
4,2,1,volatile,0.010177607648074627
5,2,1,volatile,0.02620219625532627
6,2,1,volatile,0.004521808587014675
7,2,1,volatile,0.01999051310122013
8,2,1,volatile,0.02215510606765747
9,2,1,volatile,0.00887334905564785
10,2,1,volatile,0.005884391255676746
11,2,1,volatile,0.009739818051457405
12,2,1,volatile,0.013849182054400444
13,2,1,volatile,0.02354639582335949
14,2,1,volatile,0.010895807296037674
15,2,1,volatile,0.01606486365199089
16,2,1,volatile,0.016162311658263206
17,2,1,volatile,0.012369437143206596
18,2,1,volatile,0.009276405908167362
19,2,1,volatile,0.0074189193546772
20,2,1,volatile,0.015117458999156952
1,2,1,inline,0.0023578887339681387
2,2,1,inline,0.003874375019222498
3,2,1,inline,0.0013140568044036627
4,2,1,inline,0.0024328557774424553
5,2,1,inline,0.003283741418272257
6,2,1,inline,0.002277262043207884
7,2,1,inline,0.003404824296012521
8,2,1,inline,0.0022326456382870674
9,2,1,inline,0.00777822732925415
10,2,1,inline,0.0031269583851099014
11,2,1,inline,0.0014549149200320244
12,2,1,inline,0.004469652194529772
13,2,1,inline,0.002628555055707693
14,2,1,inline,0.001299071591347456
15,2,1,inline,0.004620532970875502
16,2,1,inline,0.002074133837595582
17,2,1,inline,0.0013710248749703169
18,2,1,inline,0.002126042265444994
19,2,1,inline,0.004634005017578602
20,2,1,inline,0.008489256724715233
1,2,2,involatile,0.001898952410556376
2,2,2,involatile,0.00187805260065943
3,2,2,involatile,0.003384541254490614
4,2,2,involatile,0.004002013243734837
5,2,2,involatile,0.0023398601915687323
6,2,2,involatile,0.001720126369036734
7,2,2,involatile,0.002292882651090622
8,2,2,involatile,0.0021307310089468956
9,2,2,involatile,0.002014639088883996
10,2,2,involatile,0.008155564777553082
11,2,2,involatile,0.003970731515437365
12,2,2,involatile,0.0029418461490422487
13,2,2,involatile,0.00479769054800272
14,2,2,involatile,0.002045930828899145
15,2,2,involatile,0.0016984539106488228
16,2,2,involatile,0.001853033434599638
17,2,2,involatile,0.00765154417604208
18,2,2,involatile,0.0014008724829182029
19,2,2,involatile,0.002025411231443286
20,2,2,involatile,0.00485951779410243
1,2,2,volatile,0.0040824939496815205
2,2,2,volatile,0.011181901209056377
3,2,2,volatile,0.0077013662084937096
4,2,2,volatile,0.005348679609596729
5,2,2,volatile,0.03567091003060341
6,2,2,volatile,0.008681273087859154
7,2,2,volatile,0.006777951493859291
8,2,2,volatile,0.006452799774706364
9,2,2,volatile,0.007905177772045135
10,2,2,volatile,0.01301778294146061
11,2,2,volatile,0.024209748953580856
12,2,2,volatile,0.016354188323020935
13,2,2,volatile,0.019635509699583054
14,2,2,volatile,0.0323013961315155
15,2,2,volatile,0.008261352777481079
16,2,2,volatile,0.0056023322977125645
17,2,2,volatile,0.007694941945374012
18,2,2,volatile,0.018641430884599686
19,2,2,volatile,0.015482792630791664
20,2,2,volatile,0.003217183519154787
1,2,2,inline,0.0025390118826180696
2,2,2,inline,0.0020502835977822542
3,2,2,inline,0.0023208733182400465
4,2,2,inline,0.006090261973440647
5,2,2,inline,0.0013119792565703392
6,2,2,inline,0.00574025884270668
7,2,2,inline,0.002256192499771714
8,2,2,inline,0.0019002839690074325
9,2,2,inline,0.0015902065206319094
10,2,2,inline,0.0014700633473694324
11,2,2,inline,0.00303840939886868
12,2,2,inline,0.0026505393907427788
13,2,2,inline,0.0028369759675115347
14,2,2,inline,0.008815964683890343
15,2,2,inline,0.0029874134343117476
16,2,2,inline,0.003529422916471958
17,2,2,inline,0.001196250319480896
18,2,2,inline,0.0018590159015730023
19,2,2,inline,0.0052208988927304745
20,2,2,inline,0.0020447270944714546
1,2,3,involatile,0.0033253419678658247
2,2,3,involatile,0.002780432812869549
3,2,3,involatile,0.001477920333854854
4,2,3,involatile,0.0028697876259684563
5,2,3,involatile,0.006931096315383911
6,2,3,involatile,0.0019808460492640734
7,2,3,involatile,0.00688187126070261
8,2,3,involatile,0.0022685450967401266
9,2,3,involatile,0.002881507622078061
10,2,3,involatile,0.0009746936266310513
11,2,3,involatile,0.0016718152910470963
12,2,3,involatile,0.007587076630443335
13,2,3,involatile,0.004342298489063978
14,2,3,involatile,0.001618870417587459
15,2,3,involatile,0.0018124146154150367
16,2,3,involatile,0.0024220603518188
17,2,3,involatile,0.0018460055580362678
18,2,3,involatile,0.004426795523613691
19,2,3,involatile,0.0038606845773756504
20,2,3,involatile,0.0034058005549013615
1,2,3,volatile,0.008551675826311111
2,2,3,volatile,0.007740954402834177
3,2,3,volatile,0.025891469791531563
4,2,3,volatile,0.006759001407772303
5,2,3,volatile,0.009449632838368416
6,2,3,volatile,0.01771371252834797
7,2,3,volatile,0.009608423337340355
8,2,3,volatile,0.01571723073720932
9,2,3,volatile,0.01361555140465498
10,2,3,volatile,0.012370564974844456
11,2,3,volatile,0.007363841403275728
12,2,3,volatile,0.007160177920013666
13,2,3,volatile,0.008035318925976753
14,2,3,volatile,0.008041303604841232
15,2,3,volatile,0.014549381099641323
16,2,3,volatile,0.006557414308190346
17,2,3,volatile,0.0051591708324849606
18,2,3,volatile,0.01061626523733139
19,2,3,volatile,0.01595129631459713
20,2,3,volatile,0.0057449922896921635
1,3,3,volatile,0.008753267116844654
1,3,4,volatile,0.011646208353340626
1,4,3,volatile,0.0033373229671269655
1,4,4,volatile,0.00928103644400835
1,3,3,involatile,0.001948756631463766
1,3,4,involatile,0.0032328690867871046
1,4,3,involatile,0.003517378820106387
1,4,4,involatile,0.0037890849635004997
1,3,3,inline,0.002142708981409669
1,3,4,inline,0.005395212676376104
1,4,3,inline,0.0022262681741267443
1,4,4,inline,0.003216199344024062
1,3,1,volatile,0.009150270372629166
1,3,2,volatile,0.01601765677332878
1,4,1,volatile,0.01038549467921257
1,4,2,volatile,0.013264091685414314
1,3,1,involatile,0.002243773313239217
1,3,2,involatile,0.005071704741567373
1,4,1,involatile,0.008699494414031506
1,4,2,involatile,0.0015100650489330292
1,3,1,inline,0.002573674777522683
1,3,2,inline,0.0016004781937226653
1,4,1,inline,0.005507297348231077
1,4,2,inline,0.0019021545303985476
1,2,1,volatile,0.014646411873400211
1,2,2,volatile,0.012631934136152267
1,2,3,volatile,0.011666431091725826
1,2,4,volatile,0.013070913963019848
1,2,1,involatile,0.0029799744952470064
1,2,2,involatile,0.0017229351215064526
1,2,3,involatile,0.0023478080984205008
1,2,4,involatile,0.02245490811765194
1,2,1,inline,0.0020889961160719395
1,2,2,inline,0.003386577358469367
1,2,3,inline,0.0032414610031992197
1,2,4,inline,0.004746339749544859
1,2,3,inline,0.0014075342332944274
2,2,3,inline,0.004462925251573324
3,2,3,inline,0.005132459569722414
4,2,3,inline,0.0033847831655293703
5,2,3,inline,0.0011586417676880956
6,2,3,inline,0.006729988381266594
7,2,3,inline,0.004929750692099333
8,2,3,inline,0.0021596900187432766
9,2,3,inline,0.003377716988325119
10,2,3,inline,0.003099241992458701
11,2,3,inline,0.0025286239106208086
12,2,3,inline,0.005478214472532272
13,2,3,inline,0.0023666154593229294
14,2,3,inline,0.002043014857918024
15,2,3,inline,0.0012643630616366863
16,2,3,inline,0.004109746310859919
17,2,3,inline,0.0030825312715023756
18,2,3,inline,0.0024833190254867077
19,2,3,inline,0.002540332730859518
1,2,4,involatile,0.003321243915706873
2,2,4,involatile,0.0018043935997411609
3,2,4,involatile,0.005523578263819218
4,2,4,involatile,0.002222827635705471
5,2,4,involatile,0.0044771404936909676
6,2,4,involatile,0.00198075408115983
7,2,4,involatile,0.003984635695815086
8,2,4,involatile,0.0047906311228871346
9,2,4,involatile,0.002360779093578458
10,2,4,involatile,0.003136037616059184
11,2,4,involatile,0.0018001715652644634
12,2,4,involatile,0.0024444865994155407
13,2,4,involatile,0.0015660385834053159
14,2,4,involatile,0.0025531856808811426
15,2,4,involatile,0.0018922145245596766
16,2,4,involatile,0.0011002500541508198
17,2,4,involatile,0.003986856434494257
18,2,4,involatile,0.0027792337350547314
19,2,4,involatile,0.0032458254136145115
1,2,4,volatile,0.006426003761589527
2,2,4,volatile,0.007998294197022915
3,2,4,volatile,0.010982939973473549
4,2,4,volatile,0.010174868628382683
5,2,4,volatile,0.010385802946984768
6,2,4,volatile,0.00992164108902216
7,2,4,volatile,0.005589967593550682
8,2,4,volatile,0.014806251041591167
9,2,4,volatile,0.009294801391661167
10,2,4,volatile,0.008386144414544106
11,2,4,volatile,0.010622113943099976
12,2,4,volatile,0.008390773087739944
13,2,4,volatile,0.012400674633681774
14,2,4,volatile,0.0042625851929187775
15,2,4,volatile,0.00574271148070693
16,2,4,volatile,0.019867753610014915
17,2,4,volatile,0.004721859935671091
18,2,4,volatile,0.008815021254122257
19,2,4,volatile,0.0077318837866187096
1,2,4,inline,0.003993116319179535
2,2,4,inline,0.0023086112923920155
3,2,4,inline,0.0013442387571558356
4,2,4,inline,0.0020524749998003244
5,2,4,inline,0.0012445775792002678
6,2,4,inline,0.0024349046871066093
7,2,4,inline,0.0026750867255032063
8,2,4,inline,0.0014691657852381468
9,2,4,inline,0.0013869702816009521
10,2,4,inline,0.002042260719463229
11,2,4,inline,0.004576276522129774
12,2,4,inline,0.002706577768549323
13,2,4,inline,0.005092211067676544
14,2,4,inline,0.0028925705701112747
15,2,4,inline,0.002770249731838703
16,2,4,inline,0.00346865295432508
17,2,4,inline,0.004084992688149214
18,2,4,inline,0.0020533862989395857
19,2,4,inline,0.0016835934948176146
1,3,1,involatile,0.0025876828003674746
2,3,1,involatile,0.0033508518245071173
3,3,1,involatile,0.0016855100402608514
4,3,1,involatile,0.0029269300866872072
5,3,1,involatile,0.003728393465280533
6,3,1,involatile,0.0027249029371887445
7,3,1,involatile,0.008554957807064056
8,3,1,involatile,0.0019624580163508654
9,3,1,involatile,0.008039651438593864
10,3,1,involatile,0.0028192908503115177
11,3,1,involatile,0.0018530861707404256
12,3,1,involatile,0.0011148976627737284
13,3,1,involatile,0.003907561302185059
15,3,1,involatile,0.0018722423119470477
16,3,1,involatile,0.004636519122868776
17,3,1,involatile,0.0020186626352369785
18,3,1,involatile,0.007023158483207226
19,3,1,involatile,0.00354967569001019
1,3,1,volatile,0.00904255360364914
2,3,1,volatile,0.005542087368667126
3,3,1,volatile,0.009330988861620426
4,3,1,volatile,0.0046549090184271336
5,3,1,volatile,0.012283287942409515
6,3,1,volatile,0.004191920161247253
7,3,1,volatile,0.01537014078348875
8,3,1,volatile,0.007973210886120796
9,3,1,volatile,0.01707986555993557
10,3,1,volatile,0.014719507656991482
11,3,1,volatile,0.004571688361465931
12,3,1,volatile,0.009234507568180561
13,3,1,volatile,0.013311815448105335
14,3,1,volatile,0.012287423014640808
15,3,1,volatile,0.00434469198808074
16,3,1,volatile,0.005240451078861952
17,3,1,volatile,0.007733020931482315
18,3,1,volatile,0.008150298148393631
19,3,1,volatile,0.009848304092884064
1,3,1,inline,0.004217037931084633
2,3,1,inline,0.0030351884197443724
3,3,1,inline,0.002422001212835312
4,3,1,inline,0.0016704467125236988
5,3,1,inline,0.0015912854578346014
6,3,1,inline,0.003743539797142148
7,3,1,inline,0.0014298990136012435
8,3,1,inline,0.00325443921610713
9,3,1,inline,0.001995871542021632
10,3,1,inline,0.007454973179847002
11,3,1,inline,0.0013951763976365328
12,3,1,inline,0.0024024038575589657
13,3,1,inline,0.0037560698110610247
14,3,1,inline,0.0010819981107488275
15,3,1,inline,0.0063417404890060425
16,3,1,inline,0.0015405905432999134
17,3,1,inline,0.006655511446297169
18,3,1,inline,0.006044463720172644
19,3,1,inline,0.0016823488986119628
1,3,2,involatile,0.009562179446220398
2,3,2,involatile,0.0012865230673924088
3,3,2,involatile,0.003019080962985754
4,3,2,involatile,0.0015523264883086085
5,3,2,involatile,0.0015329557936638594
6,3,2,involatile,0.0025229905731976032
7,3,2,involatile,0.003403883893042803
8,3,2,involatile,0.0039854333736002445
9,3,2,involatile,0.003436058759689331
10,3,2,involatile,0.0016911044949665666
11,3,2,involatile,0.0037715754006057978
12,3,2,involatile,0.002917914418503642
13,3,2,involatile,0.0027711123693734407
14,3,2,involatile,0.00265408493578434
15,3,2,involatile,0.004659770987927914
16,3,2,involatile,0.00193163868971169
17,3,2,involatile,0.002153396140784025
18,3,2,involatile,0.001910074264742434
19,3,2,involatile,0.00566930091008544
1,3,2,volatile,0.006802635733038187
2,3,2,volatile,0.012423346750438213
3,3,2,volatile,0.010233404114842415
4,3,2,volatile,0.007301264442503452
5,3,2,volatile,0.009132161736488342
6,3,2,volatile,0.008738557808101177
7,3,2,volatile,0.012748346664011478
8,3,2,volatile,0.004063450265675783
9,3,2,volatile,0.01072103064507246
10,3,2,volatile,0.009184048511087894
11,3,2,volatile,0.008198626339435577
12,3,2,volatile,0.009884714148938656
13,3,2,volatile,0.01649237424135208
14,3,2,volatile,0.02410060726106167
15,3,2,volatile,0.011553135700523853
16,3,2,volatile,0.010567055083811283
17,3,2,volatile,0.007106661330908537
18,3,2,volatile,0.00792413018643856
19,3,2,volatile,0.01853504218161106
1,3,2,inline,0.0025757732801139355
2,3,2,inline,0.0033406501170247793
3,3,2,inline,0.0023641351144760847
4,3,2,inline,0.0038341376930475235
5,3,2,inline,0.002008053008466959
6,3,2,inline,0.009597592055797577
7,3,2,inline,0.0028210137970745564
8,3,2,inline,0.0029512238688766956
9,3,2,inline,0.009489675983786583
10,3,2,inline,0.0017516250954940915
11,3,2,inline,0.007679952308535576
12,3,2,inline,0.0015936020063236356
13,3,2,inline,0.003201839979737997
14,3,2,inline,0.0018961020978167653
15,3,2,inline,0.0032208184711635113
16,3,2,inline,0.0017919803503900766
17,3,2,inline,0.0018173290882259607
18,3,2,inline,0.0031209918670356274
19,3,2,inline,0.004339415580034256
1,3,3,involatile,0.0022134711034595966
2,3,3,involatile,0.004029547795653343
3,3,3,involatile,0.0012429059715941548
4,3,3,involatile,0.004198901355266571
5,3,3,involatile,0.004822880029678345
6,3,3,involatile,0.002042385982349515
7,3,3,involatile,0.0020922524854540825
8,3,3,involatile,0.0012251727748662233
9,3,3,involatile,0.0018508327193558216
10,3,3,involatile,0.0038999891839921474
11,3,3,involatile,0.003762059612199664
12,3,3,involatile,0.005851868074387312
13,3,3,involatile,0.0028186931740492582
14,3,3,involatile,0.0034712525084614754
15,3,3,involatile,0.0019069479312747717
16,3,3,involatile,0.0020911770407110453
17,3,3,involatile,0.0029711448587477207
18,3,3,involatile,0.0034533552825450897
19,3,3,involatile,0.0019705581944435835
1,3,3,volatile,0.012636791914701462
2,3,3,volatile,0.013524816371500492
3,3,3,volatile,0.006902854889631271
4,3,3,volatile,0.01430288702249527
5,3,3,volatile,0.007453737314790487
6,3,3,volatile,0.0056050848215818405
7,3,3,volatile,0.009322465397417545
8,3,3,volatile,0.009364948607981205
9,3,3,volatile,0.01137705147266388
10,3,3,volatile,0.012147346511483192
11,3,3,volatile,0.024120895192027092
12,3,3,volatile,0.016220388934016228
13,3,3,volatile,0.017340589314699173
14,3,3,volatile,0.004840030334889889
15,3,3,volatile,0.011943667195737362
16,3,3,volatile,0.011533532291650772
17,3,3,volatile,0.00413398165255785
18,3,3,volatile,0.01138988696038723
19,3,3,volatile,0.005281887948513031
1,3,3,inline,0.004268101882189512
2,3,3,inline,0.0019484104122966528
3,3,3,inline,0.0019836509600281715
4,3,3,inline,0.006643849890679121
5,3,3,inline,0.004987427499145269
6,3,3,inline,0.0018293251050636172
7,3,3,inline,0.0032376041635870934
8,3,3,inline,0.0025040435139089823
9,3,3,inline,0.004666690714657307
10,3,3,inline,0.002829772187396884
11,3,3,inline,0.0018209582194685936
12,3,3,inline,0.00596214272081852
13,3,3,inline,0.00588394096121192
14,3,3,inline,0.0017321702325716615
15,3,3,inline,0.0010361430468037724
16,3,3,inline,0.0013885553926229477
17,3,3,inline,0.0019328766502439976
18,3,3,inline,0.0024516829289495945
19,3,3,inline,0.0013348930515348911
1,3,4,involatile,0.0026565170846879482
2,3,4,involatile,0.002855340950191021
3,3,4,involatile,0.002786163706332445
4,3,4,involatile,0.0018230725545436144
5,3,4,involatile,0.0016367401694878936
6,3,4,involatile,0.0017603066517040133
7,3,4,involatile,0.0020332946442067623
8,3,4,involatile,0.001385485869832337
9,3,4,involatile,0.00503509072586894
10,3,4,involatile,0.004008807707577944
11,3,4,involatile,0.0024104518815875053
12,3,4,involatile,0.001990866381675005
13,3,4,involatile,0.003011389635503292
14,3,4,involatile,0.0032018565107136965
15,3,4,involatile,0.00462613208219409
16,3,4,involatile,0.004787189420312643
17,3,4,involatile,0.0023107368033379316
18,3,4,involatile,0.0027304436080157757
19,3,4,involatile,0.002010089112445712
1,3,4,volatile,0.012661093845963478
2,3,4,volatile,0.010539092123508453
3,3,4,volatile,0.014145739376544952
4,3,4,volatile,0.013208654709160328
5,3,4,volatile,0.014605080708861351
6,3,4,volatile,0.017249276861548424
7,3,4,volatile,0.005593442358076572
8,3,4,volatile,0.017297418788075447
9,3,4,volatile,0.031065627932548523
10,3,4,volatile,0.003155096899718046
11,3,4,volatile,0.005137981381267309
12,3,4,volatile,0.02348438650369644
13,3,4,volatile,0.008528633043169975
14,3,4,volatile,0.006056963000446558
15,3,4,volatile,0.019513661041855812
16,3,4,volatile,0.008789240382611752
17,3,4,volatile,0.006598607171326876
18,3,4,volatile,0.016567571088671684
19,3,4,volatile,0.01585199683904648
1,3,4,inline,0.00527463061735034
2,3,4,inline,0.004670845344662666
3,3,4,inline,0.0028249816969037056
4,3,4,inline,0.0024280159268528223
5,3,4,inline,0.005809465888887644
6,3,4,inline,0.0021399680990725756
7,3,4,inline,0.013887387700378895
8,3,4,inline,0.001960441470146179
9,3,4,inline,0.003467496484518051
10,3,4,inline,0.002074226038530469
11,3,4,inline,0.0016592760803177953
12,3,4,inline,0.00323046394623816
13,3,4,inline,0.0015538372099399567
14,3,4,inline,0.001280699740163982
15,3,4,inline,0.0022900807671248913
16,3,4,inline,0.0015428640181198716
17,3,4,inline,0.001474569202400744
18,3,4,inline,0.0020566165912896395
19,3,4,inline,0.0017542592249810696
1,3,1,involatile,0.0016913064755499363
1,4,1,involatile,0.004165129270404577
2,4,1,involatile,0.0028574431780725718
3,4,1,involatile,0.00152518879622221
4,4,1,involatile,0.003478824160993099
5,4,1,involatile,0.004399241413921118
6,4,1,involatile,0.0023621588479727507
7,4,1,involatile,0.002803674666211009
8,4,1,involatile,0.0027639048639684916
9,4,1,involatile,0.003347532358020544
10,4,1,involatile,0.0027966159395873547
11,4,1,involatile,0.0032391520217061043
12,4,1,involatile,0.0019584400579333305
13,4,1,involatile,0.004137905780225992
14,4,1,involatile,0.0017079272074624896
15,4,1,involatile,0.0024626117665320635
16,4,1,involatile,0.003418130800127983
17,4,1,involatile,0.0021273239981383085
18,4,1,involatile,0.003458584425970912
19,4,1,involatile,0.006447156425565481
1,4,1,volatile,0.008683377876877785
2,4,1,volatile,0.006885652430355549
3,4,1,volatile,0.01445560622960329
4,4,1,volatile,0.016992652788758278
5,4,1,volatile,0.02864394523203373
6,4,1,volatile,0.014711272902786732
7,4,1,volatile,0.00899673905223608
8,4,1,volatile,0.012172084301710129
9,4,1,volatile,0.008737300522625446
10,4,1,volatile,0.010794063098728657
11,4,1,volatile,0.014337366446852684
12,4,1,volatile,0.01756085455417633
13,4,1,volatile,0.009731843136250973
14,4,1,volatile,0.0055929203517735004
15,4,1,volatile,0.006367535796016455
16,4,1,volatile,0.007100338116288185
17,4,1,volatile,0.008787017315626144
18,4,1,volatile,0.01257490273565054
19,4,1,volatile,0.005834963172674179
1,4,1,inline,0.0016713835066184402
2,4,1,inline,0.003674856387078762
3,4,1,inline,0.005392114631831646
4,4,1,inline,0.004221013747155666
5,4,1,inline,0.0026629380881786346
6,4,1,inline,0.005464678630232811
7,4,1,inline,0.0025806252378970385
8,4,1,inline,0.0011959976982325315
9,4,1,inline,0.001148600596934557
10,4,1,inline,0.003831325564533472
11,4,1,inline,0.003686619224026799
12,4,1,inline,0.003742846893146634
13,4,1,inline,0.0032160887494683266
14,4,1,inline,0.0032030444126576185
15,4,1,inline,0.0016820523887872696
16,4,1,inline,0.005119616631418467
17,4,1,inline,0.002488998929038644
18,4,1,inline,0.0052924323827028275
19,4,1,inline,0.0018926030024886131
1,4,2,involatile,0.001198747311718762
2,4,2,involatile,0.0032582757994532585
3,4,2,involatile,0.0015134593704715371
4,4,2,involatile,0.003940940834581852
5,4,2,involatile,0.002067733323201537
6,4,2,involatile,0.004987186286598444
7,4,2,involatile,0.0018895224202424288
8,4,2,involatile,0.0025858383160084486
9,4,2,involatile,0.001397680607624352
10,4,2,involatile,0.0033288877457380295
11,4,2,involatile,0.0011921258410438895
12,4,2,involatile,0.0020161140710115433
13,4,2,involatile,0.004140588920563459
14,4,2,involatile,0.0010998275829479098
15,4,2,involatile,0.0017169046914204955
16,4,2,involatile,0.0021866715978831053
17,4,2,involatile,0.004145822487771511
18,4,2,involatile,0.002864440903067589
19,4,2,involatile,0.0027693717274814844
1,4,2,volatile,0.015643032267689705
2,4,2,volatile,0.018507055938243866
3,4,2,volatile,0.005328678060323
4,4,2,volatile,0.007135871332138777
5,4,2,volatile,0.004149603191763163
6,4,2,volatile,0.013945445418357849
7,4,2,volatile,0.00685219606384635
8,4,2,volatile,0.011043271981179714
9,4,2,volatile,0.005005285609513521
10,4,2,volatile,0.008355021476745605
11,4,2,volatile,0.008872279897332191
12,4,2,volatile,0.030459487810730934
13,4,2,volatile,0.0073618413880467415
14,4,2,volatile,0.0214568842202425
15,4,2,volatile,0.014288348145782948
16,4,2,volatile,0.009865720756351948
17,4,2,volatile,0.006023847032338381
18,4,2,volatile,0.009057389572262764
19,4,2,volatile,0.009508411400020123
1,4,2,inline,0.0026786355301737785
2,4,2,inline,0.009819251485168934
3,4,2,inline,0.00236831814981997
4,4,2,inline,0.0020811695139855146
5,4,2,inline,0.002012476557865739
6,4,2,inline,0.0029643576126545668
7,4,2,inline,0.003464180277660489
8,4,2,inline,0.0037719726096838713
9,4,2,inline,0.0061299786902964115
10,4,2,inline,0.0052595180459320545
11,4,2,inline,0.002036189893260598
12,4,2,inline,0.001715217251330614
13,4,2,inline,0.0021017822436988354
14,4,2,inline,0.0036391650792211294
15,4,2,inline,0.005114350002259016
16,4,2,inline,0.00350523111410439
17,4,2,inline,0.007487793453037739
18,4,2,inline,0.002500970382243395
19,4,2,inline,0.0013636199291795492
1,4,3,involatile,0.0014266872312873602
2,4,3,involatile,0.007607965264469385
3,4,3,involatile,0.002331861760467291
4,4,3,involatile,0.0019013445125892758
5,4,3,involatile,0.0072183674201369286
6,4,3,involatile,0.002785163000226021
7,4,3,involatile,0.002137930365279317
8,4,3,involatile,0.002348181325942278
9,4,3,involatile,0.0030741922091692686
10,4,3,involatile,0.0015910867368802428
11,4,3,involatile,0.0034091444686055183
12,4,3,involatile,0.0016821336466819048
13,4,3,involatile,0.0014216817216947675
14,4,3,involatile,0.007618194445967674
15,4,3,involatile,0.0034115479793399572
16,4,3,involatile,0.001336276181973517
17,4,3,involatile,0.005023967940360308
18,4,3,involatile,0.0019715854432433844
19,4,3,involatile,0.00250431802123785
1,4,3,volatile,0.006874209735542536
2,4,3,volatile,0.01826648600399494
3,4,3,volatile,0.014095906168222427
4,4,3,volatile,0.00751615222543478
5,4,3,volatile,0.018643362447619438
6,4,3,volatile,0.011159486137330532
7,4,3,volatile,0.011717461980879307
8,4,3,volatile,0.009220513515174389
9,4,3,volatile,0.005380304995924234
10,4,3,volatile,0.01977500692009926
11,4,3,volatile,0.028418997302651405
12,4,3,volatile,0.006425533909350634
13,4,3,volatile,0.004886205308139324
14,4,3,volatile,0.019634125754237175
16,4,3,volatile,0.01005752757191658
17,4,3,volatile,0.00717037171125412
18,4,3,volatile,0.004014961421489716
19,4,3,volatile,0.0074774581007659435
1,4,3,inline,0.0034543105866760015
2,4,3,inline,0.004579438827931881
3,4,3,inline,0.002004168927669525
4,4,3,inline,0.002389227505773306
5,4,3,inline,0.0025459062308073044
6,4,3,inline,0.005846783053129911
7,4,3,inline,0.0027843101415783167
8,4,3,inline,0.004682277329266071
9,4,3,inline,0.003432768164202571
10,4,3,inline,0.007433481514453888
11,4,3,inline,0.0008475198410451412
12,4,3,inline,0.002864439506083727
13,4,3,inline,0.008315535262227058
14,4,3,inline,0.0030731356237083673
15,4,3,inline,0.001695106620900333
16,4,3,inline,0.0030097845010459423
17,4,3,inline,0.0038808011449873447
18,4,3,inline,0.00370636279694736
19,4,3,inline,0.0014839874347671866
1,4,4,involatile,0.005401733331382275
2,4,4,involatile,0.0015273074386641383
3,4,4,involatile,0.0025474783033132553
4,4,4,involatile,0.006046575494110584
5,4,4,involatile,0.005512723699212074
6,4,4,involatile,0.001790917362086475
7,4,4,involatile,0.005273391958326101
8,4,4,involatile,0.005180161911994219
9,4,4,involatile,0.001521887257695198
10,4,4,involatile,0.001771618495695293
11,4,4,involatile,0.0034146802499890327
12,4,4,involatile,0.0024283016100525856
13,4,4,involatile,0.006449831183999777
14,4,4,involatile,0.005422790534794331
15,4,4,involatile,0.0022396116983145475
16,4,4,involatile,0.005168192088603973
17,4,4,involatile,0.0029087592847645283
18,4,4,involatile,0.004172274377197027
19,4,4,involatile,0.007161021698266268
1,4,4,volatile,0.00858953595161438
2,4,4,volatile,0.019060183316469193
3,4,4,volatile,0.010137653909623623
5,4,4,volatile,0.009774806909263134
6,4,4,volatile,0.008137826807796955
7,4,4,volatile,0.003552379086613655
8,4,4,volatile,0.02099015936255455
9,4,4,volatile,0.005252530798316002
10,4,4,volatile,0.01025750394910574
11,4,4,volatile,0.017901355400681496
12,4,4,volatile,0.0040781209245324135
13,4,4,volatile,0.009027517400681973
14,4,4,volatile,0.013633172027766705
15,4,4,volatile,0.009832918643951416
16,4,4,volatile,0.007969503290951252
17,4,4,volatile,0.019738811999559402
18,4,4,volatile,0.00828338973224163
19,4,4,volatile,0.019548801705241203
1,4,4,inline,0.004554594401270151
2,4,4,inline,0.0013464386574923992
3,4,4,inline,0.0023934883065521717
4,4,4,inline,0.0017724427161738276
5,4,4,inline,0.003437170758843422
6,4,4,inline,0.0012479220749810338
7,4,4,inline,0.003317219205200672
8,4,4,inline,0.0021990749519318342
9,4,4,inline,0.002422315301373601
10,4,4,inline,0.0009824523003771901
11,4,4,inline,0.0037132506258785725
12,4,4,inline,0.0007197460508905351
13,4,4,inline,0.0031151720322668552
14,4,4,inline,0.002344938227906823
15,4,4,inline,0.0017204951727762818
16,4,4,inline,0.0028657095972448587
17,4,4,inline,0.002632243325933814
18,4,4,inline,0.008675300516188145
19,4,4,inline,0.0038406914100050926
1,1,1,involatile,0.003913802560418844
2,1,1,involatile,0.0018536701099947095
3,1,1,involatile,0.001382796443067491
4,1,1,involatile,0.0018820578698068857
5,1,1,involatile,0.0034673225600272417
6,1,1,involatile,0.0016308058984577656
7,1,1,involatile,0.0034330678172409534
8,1,1,involatile,0.004962083883583546
9,1,1,involatile,0.004935222677886486
10,1,1,involatile,0.0028915570583194494
1,1,1,volatile,0.005038070492446423
2,1,1,volatile,0.012961020693182945
3,1,1,volatile,0.008960752747952938
4,1,1,volatile,0.0068861814215779305
5,1,1,volatile,0.006459444295614958
6,1,1,volatile,0.0048651681281626225
7,1,1,volatile,0.007819662801921368
8,1,1,volatile,0.017074011266231537
9,1,1,volatile,0.011599223129451275
10,1,1,volatile,0.018182922154664993
1,1,1,inline,0.0010668225586414337
2,1,1,inline,0.003642173483967781
3,1,1,inline,0.001917572575621307
4,1,1,inline,0.003781963139772415
5,1,1,inline,0.0030924691818654537
6,1,1,inline,0.006348027382045984
7,1,1,inline,0.0016612812178209424
8,1,1,inline,0.005461746361106634
9,1,1,inline,0.007127493619918823
10,1,1,inline,0.001613647909834981
1,1,2,involatile,0.0027231667190790176
2,1,2,involatile,0.0018194878939539194
3,1,2,involatile,0.0019264500588178635
4,1,2,involatile,0.0032099068630486727
5,1,2,involatile,0.002472847467288375
6,1,2,involatile,0.001570056308992207
7,1,2,involatile,0.002081987913697958
8,1,2,involatile,0.003018049756065011
9,1,2,involatile,0.004277624189853668
10,1,2,involatile,0.0017985537415370345
1,1,2,volatile,0.01459680125117302
2,1,2,volatile,0.008096819743514061
3,1,2,volatile,0.010113242082297802
4,1,2,volatile,0.0046714129857718945
5,1,2,volatile,0.010439043864607811
6,1,2,volatile,0.010939886793494225
7,1,2,volatile,0.02595093846321106
8,1,2,volatile,0.025900015607476234
9,1,2,volatile,0.008567769080400467
10,1,2,volatile,0.03998775780200958
1,1,2,inline,0.0012648239498957992
2,1,2,inline,0.002035898854956031
3,1,2,inline,0.002997387433424592
4,1,2,inline,0.0035828412510454655
5,1,2,inline,0.001389922690577805
6,1,2,inline,0.0021150538232177496
7,1,2,inline,0.0017993324436247349
8,1,2,inline,0.0018556019058451056
9,1,2,inline,0.0019333601230755448
10,1,2,inline,0.003073041792958975
1,1,3,involatile,0.0015960584860295057
2,1,3,involatile,0.0014943687710911036
3,1,3,involatile,0.001804159488528967
4,1,3,involatile,0.0033047990873456
5,1,3,involatile,0.0032683545723557472
6,1,3,involatile,0.0022262411657720804
7,1,3,involatile,0.0019614528864622116
8,1,3,involatile,0.0075059025548398495
9,1,3,involatile,0.0016205116407945752
10,1,3,involatile,0.0020918603986501694
1,1,3,volatile,0.00640888512134552
2,1,3,volatile,0.025994468480348587
3,1,3,volatile,0.009992497973144054
4,1,3,volatile,0.006168066523969173
5,1,3,volatile,0.008621531538665295
6,1,3,volatile,0.005707107950001955
7,1,3,volatile,0.01118565071374178
8,1,3,volatile,0.00666087307035923
9,1,3,volatile,0.003819049336016178
10,1,3,volatile,0.015563268214464188
1,1,3,inline,0.006246909499168396
2,1,3,inline,0.005786608438938856
3,1,3,inline,0.0030801494140177965
4,1,3,inline,0.004010053351521492
5,1,3,inline,0.0034432692918926477
6,1,3,inline,0.0014891995815560222
7,1,3,inline,0.0016998574137687683
8,1,3,inline,0.002193345222622156
9,1,3,inline,0.003928776364773512
10,1,3,inline,0.0023866151459515095
1,1,4,involatile,0.008627239614725113
2,1,4,involatile,0.002776021370664239
3,1,4,involatile,0.00501649547368288
4,1,4,involatile,0.0040191709995269775
5,1,4,involatile,0.002813138300552964
6,1,4,involatile,0.0055745188146829605
7,1,4,involatile,0.0029118512757122517
8,1,4,involatile,0.0011518393876031041
9,1,4,involatile,0.0036559298168867826
10,1,4,involatile,0.0017567145405337214
1,1,4,volatile,0.016515815630555153
2,1,4,volatile,0.013671262189745903
3,1,4,volatile,0.008178210817277431
4,1,4,volatile,0.01022303756326437
5,1,4,volatile,0.01587248593568802
6,1,4,volatile,0.02175002545118332
7,1,4,volatile,0.007258706260472536
8,1,4,volatile,0.008548268117010593
9,1,4,volatile,0.015559804625809193
10,1,4,volatile,0.010296165011823177
1,1,4,inline,0.003575727576389909
2,1,4,inline,0.0018241534708067775
3,1,4,inline,0.0017367566470056772
4,1,4,inline,0.0013806854840368032
5,1,4,inline,0.0034647383727133274
6,1,4,inline,0.0018988443771377206
7,1,4,inline,0.0018757397774606943
8,1,4,inline,0.0019450769759714603
9,1,4,inline,0.002310624811798334
10,1,4,inline,0.0016975204925984144
1,2,1,involatile,0.0015493236714974046
2,2,1,involatile,0.003822521073743701
3,2,1,involatile,0.0012900748988613486
4,2,1,involatile,0.001238667988218367
5,2,1,involatile,0.003766128560528159
6,2,1,involatile,0.00310037680901587
7,2,1,involatile,0.0034256228245794773
8,2,1,involatile,0.0026513594202697277
9,2,1,involatile,0.004478601273149252
1,2,1,volatile,0.00562176201492548
2,2,1,volatile,0.009811661206185818
3,2,1,volatile,0.007206222508102655
4,2,1,volatile,0.008160412311553955
5,2,1,volatile,0.00789347942918539
6,2,1,volatile,0.0249070655554533
7,2,1,volatile,0.012104328721761703
8,2,1,volatile,0.011692654341459274
9,2,1,volatile,0.00866507925093174
1,2,1,inline,0.002418000716716051
2,2,1,inline,0.0016973190940916538
3,2,1,inline,0.001860658172518015
4,2,1,inline,0.003802705556154251
5,2,1,inline,0.0022806243505328894
6,2,1,inline,0.0020888180006295443
7,2,1,inline,0.004620949737727642
8,2,1,inline,0.001508550252765417
9,2,1,inline,0.0025355361867696047
1,2,2,involatile,0.012790683656930923
2,2,2,involatile,0.002072010189294815
3,2,2,involatile,0.006411540787667036
4,2,2,involatile,0.005327800288796425
5,2,2,involatile,0.0015109399100765586
6,2,2,involatile,0.0030083225574344397
7,2,2,involatile,0.002767658792436123
8,2,2,involatile,0.0018595075234770775
9,2,2,involatile,0.0016705645248293877
1,2,2,volatile,0.014010174199938774
2,2,2,volatile,0.017839638516306877
3,2,2,volatile,0.04448404908180237
4,2,2,volatile,0.011963063850998878
5,2,2,volatile,0.007202682550996542
6,2,2,volatile,0.029528411105275154
7,2,2,volatile,0.010256464593112469
8,2,2,volatile,0.00794537365436554
9,2,2,volatile,0.0076723722741007805
1,2,2,inline,0.007927928119897842
2,2,2,inline,0.0030200150795280933
3,2,2,inline,0.0016704272711649537
4,2,2,inline,0.004814982879906893
5,2,2,inline,0.002918560290709138
6,2,2,inline,0.0011286650551483035
7,2,2,inline,0.0048293680883944035
8,2,2,inline,0.013617265038192272
9,2,2,inline,0.0013920700876042247
1,2,3,involatile,0.0028912038542330265
2,2,3,involatile,0.002123954938724637
3,2,3,involatile,0.004318254068493843
4,2,3,involatile,0.0037142608780413866
5,2,3,involatile,0.0016071865102276206
6,2,3,involatile,0.005218047183007002
7,2,3,involatile,0.009828240610659122
8,2,3,involatile,0.002128638094291091
9,2,3,involatile,0.002486931160092354
1,2,3,volatile,0.054928258061409
2,2,3,volatile,0.009163948707282543
3,2,3,volatile,0.006382436957210302
4,2,3,volatile,0.009925425052642822
5,2,3,volatile,0.00802131462842226
6,2,3,volatile,0.012529765255749226
7,2,3,volatile,0.031465768814086914
8,2,3,volatile,0.014381240122020245
9,2,3,volatile,0.010215649381279945
1,2,3,inline,0.005164092872291803
2,2,3,inline,0.0034824982285499573
3,2,3,inline,0.0033900393173098564
4,2,3,inline,0.006435316521674395
5,2,3,inline,0.002496400149539113
6,2,3,inline,0.0018777743680402637
7,2,3,inline,0.0033774711191654205
8,2,3,inline,0.0036301957443356514
9,2,3,inline,0.004044057335704565
10,2,3,inline,0.0028141045477241278
1,2,4,involatile,0.003566417144611478
2,2,4,involatile,0.0016560058575123549
3,2,4,involatile,0.0035498335491865873
4,2,4,involatile,0.004472063388675451
5,2,4,involatile,0.002048562979325652
6,2,4,involatile,0.0025680256076157093
7,2,4,involatile,0.0025314404629170895
8,2,4,involatile,0.0011958896648138762
9,2,4,involatile,0.0017686510691419244
10,2,4,involatile,0.0028964292723685503
1,2,4,volatile,0.0099343778565526
2,2,4,volatile,0.009525774046778679
3,2,4,volatile,0.008997613564133644
4,2,4,volatile,0.014401023276150227
5,2,4,volatile,0.01065377052873373
6,2,4,volatile,0.01443528849631548
7,2,4,volatile,0.010059951804578304
8,2,4,volatile,0.011870325542986393
9,2,4,volatile,0.004281000234186649
10,2,4,volatile,0.016862941905856133
1,2,4,inline,0.002785247517749667
2,2,4,inline,0.0018883133307099342
3,2,4,inline,0.0016784126637503505
4,2,4,inline,0.001832850743085146
5,2,4,inline,0.004362170118838549
6,2,4,inline,0.004592103883624077
7,2,4,inline,0.005386034958064556
8,2,4,inline,0.0025346283800899982
9,2,4,inline,0.0019279825501143932
10,2,4,inline,0.004827873781323433
1,3,1,involatile,0.002659633755683899
2,3,1,involatile,0.0023024186957627535
3,3,1,involatile,0.0022456906735897064
4,3,1,involatile,0.0017360723577439785
5,3,1,involatile,0.004894393961876631
6,3,1,involatile,0.004167164210230112
7,3,1,involatile,0.004935627803206444
8,3,1,involatile,0.004097979981452227
9,3,1,involatile,0.002042381325736642
10,3,1,involatile,0.0027765342965722084
1,3,1,volatile,0.013878767378628254
2,3,1,volatile,0.007544808555394411
3,3,1,volatile,0.013905450701713562
4,3,1,volatile,0.02606266550719738
5,3,1,volatile,0.010218188166618347
6,3,1,volatile,0.01387776155024767
7,3,1,volatile,0.009909328073263168
8,3,1,volatile,0.00865073874592781
9,3,1,volatile,0.03874215483665466
10,3,1,volatile,0.012232801876962185
1,3,1,inline,0.0038468141574412584
2,3,1,inline,0.004599606152623892
3,3,1,inline,0.0029696268029510975
4,3,1,inline,0.002724336227402091
6,3,1,inline,0.0033424291759729385
7,3,1,inline,0.004073791671544313
8,3,1,inline,0.001046516583301127
9,3,1,inline,0.0015576380537822843
10,3,1,inline,0.00163429940585047
1,3,2,involatile,0.0060370624996721745
2,3,2,involatile,0.003359264461323619
3,3,2,involatile,0.001437765546143055
4,3,2,involatile,0.001703972346149385
5,3,2,involatile,0.0032628567423671484
6,3,2,involatile,0.0011683148331940174
7,3,2,involatile,0.0019696219824254513
8,3,2,involatile,0.006386241875588894
9,3,2,involatile,0.003935081884264946
10,3,2,involatile,0.00512370839715004
1,3,2,volatile,0.02276521734893322
2,3,2,volatile,0.01409686915576458
3,3,2,volatile,0.007842500694096088
4,3,2,volatile,0.013801912777125835
5,3,2,volatile,0.03777599707245827
6,3,2,volatile,0.009394407272338867
7,3,2,volatile,0.013269593007862568
8,3,2,volatile,0.01751108653843403
9,3,2,volatile,0.013628041371703148
10,3,2,volatile,0.011597751639783382
1,3,2,inline,0.004230201244354248
2,3,2,inline,0.0027201115153729916
3,3,2,inline,0.003787728026509285
4,3,2,inline,0.0027788588777184486
5,3,2,inline,0.0020279602613300085
6,3,2,inline,0.004836439620703459
7,3,2,inline,0.004285558592528105
8,3,2,inline,0.0023129070177674294
9,3,2,inline,0.001559539814479649
10,3,2,inline,0.0021754824556410313
1,3,3,involatile,0.004597288556396961
2,3,3,involatile,0.005753940436989069
3,3,3,involatile,0.002907159272581339
4,3,3,involatile,0.004000124055892229
5,3,3,involatile,0.0018922752933576703
6,3,3,involatile,0.0012753354385495186
7,3,3,involatile,0.012105357833206654
8,3,3,involatile,0.003222218481823802
9,3,3,involatile,0.0017643364844843745
10,3,3,involatile,0.0019368166103959084
1,3,3,volatile,0.018855948001146317
2,3,3,volatile,0.004291231743991375
3,3,3,volatile,0.014907700940966606
4,3,3,volatile,0.014237131923437119
5,3,3,volatile,0.0031425205525010824
6,3,3,volatile,0.006455930415540934
7,3,3,volatile,0.016298243775963783
8,3,3,volatile,0.017227288335561752
9,3,3,volatile,0.02119697630405426
10,3,3,volatile,0.006786991376429796
1,3,3,inline,0.004348732531070709
2,3,3,inline,0.0016775773838162422
3,3,3,inline,0.005427367985248566
4,3,3,inline,0.0022242304403334856
5,3,3,inline,0.0013560069492086768
6,3,3,inline,0.006955727934837341
7,3,3,inline,0.0014066630974411964
8,3,3,inline,0.0022563233505934477
9,3,3,inline,0.0028686330188065767
10,3,3,inline,0.0026930312160402536
1,3,4,involatile,0.001777632161974907
2,3,4,involatile,0.003673386061564088
3,3,4,involatile,0.003316581016406417
4,3,4,involatile,0.004109668545424938
5,3,4,involatile,0.0024327889550477266
6,3,4,involatile,0.0027343060355633497
7,3,4,involatile,0.003475513309240341
8,3,4,involatile,0.001841833582147956
9,3,4,involatile,0.0027562167961150408
10,3,4,involatile,0.0030637288000434637
1,3,4,volatile,0.011110777035355568
2,3,4,volatile,0.005972900427877903
3,3,4,volatile,0.006273701321333647
4,3,4,volatile,0.0042524877935647964
5,3,4,volatile,0.007670936640352011
6,3,4,volatile,0.013371806591749191
7,3,4,volatile,0.0034530579578131437
8,3,4,volatile,0.023032916709780693
9,3,4,volatile,0.009260826744139194
10,3,4,volatile,0.00921722874045372
1,3,4,inline,0.0036287158727645874
2,3,4,inline,0.00233553652651608
3,3,4,inline,0.006371703930199146
4,3,4,inline,0.0031714022625237703
5,3,4,inline,0.001767007983289659
6,3,4,inline,0.0020426816772669554
7,3,4,inline,0.0017007295973598957
8,3,4,inline,0.0029048030264675617
9,3,4,inline,0.0037014693953096867
10,3,4,inline,0.002653466770425439
1,4,1,involatile,0.0035181832499802113
2,4,1,involatile,0.0015591687988489866
3,4,1,involatile,0.0028513665311038494
4,4,1,involatile,0.0051057180389761925
5,4,1,involatile,0.002803397597745061
6,4,1,involatile,0.008724472485482693
7,4,1,involatile,0.002495458349585533
8,4,1,involatile,0.0039200433529913425
9,4,1,involatile,0.009436337277293205
10,4,1,involatile,0.001642609597183764
1,4,1,volatile,0.008133628405630589
2,4,1,volatile,0.007864062674343586
3,4,1,volatile,0.009871232323348522
4,4,1,volatile,0.026050372049212456
5,4,1,volatile,0.008525969460606575
6,4,1,volatile,0.006549083162099123
7,4,1,volatile,0.01749347895383835
8,4,1,volatile,0.007715133018791676
9,4,1,volatile,0.015617911703884602
10,4,1,volatile,0.008420068770647049
1,4,1,inline,0.001451120595447719
2,4,1,inline,0.008246146142482758
3,4,1,inline,0.00445553520694375
4,4,1,inline,0.002502461662515998
5,4,1,inline,0.005183512810617685
6,4,1,inline,0.003981107845902443
7,4,1,inline,0.0031080616172403097
8,4,1,inline,0.011762636713683605
9,4,1,inline,0.004534388426691294
10,4,1,inline,0.00287226727232337
1,4,2,involatile,0.009843597188591957
2,4,2,involatile,0.0020284238271415234
3,4,2,involatile,0.0022267706226557493
4,4,2,involatile,0.002398103242740035
5,4,2,involatile,0.0018840761622413993
6,4,2,involatile,0.003061735536903143
7,4,2,involatile,0.0016139375511556864
8,4,2,involatile,0.0032983291894197464
9,4,2,involatile,0.002236502943560481
10,4,2,involatile,0.0022076161112636328
1,4,2,volatile,0.03379550948739052
2,4,2,volatile,0.007394586224108934
3,4,2,volatile,0.008849730715155602
4,4,2,volatile,0.012061526998877525
5,4,2,volatile,0.01940259523689747
6,4,2,volatile,0.01831810362637043
7,4,2,volatile,0.023505499586462975
8,4,2,volatile,0.007623990066349506
9,4,2,volatile,0.009441688656806946
10,4,2,volatile,0.0045052943751215935
1,4,2,inline,0.0030340247321873903
2,4,2,inline,0.0016898990143090487
3,4,2,inline,0.0034169985447078943
4,4,2,inline,0.0028704581782221794
5,4,2,inline,0.0014490755274891853
6,4,2,inline,0.0016603850526735187
7,4,2,inline,0.0044820779003202915
8,4,2,inline,0.0014493281487375498
9,4,2,inline,0.006417415104806423
10,4,2,inline,0.004509372171014547
1,4,3,involatile,0.0016680712578818202
2,4,3,involatile,0.003488796530291438
3,4,3,involatile,0.011688729748129845
4,4,3,involatile,0.0025324951857328415
5,4,3,involatile,0.0018992983968928456
6,4,3,involatile,0.0021333140321075916
7,4,3,involatile,0.0022718869149684906
8,4,3,involatile,0.0025175909977406263
9,4,3,involatile,0.0025244655553251505
10,4,3,involatile,0.0021089359652251005
1,4,3,volatile,0.005431762896478176
2,4,3,volatile,0.0066373650915920734
3,4,3,volatile,0.010210402309894562
4,4,3,volatile,0.006878595799207687
5,4,3,volatile,0.017572103068232536
6,4,3,volatile,0.009025786072015762
7,4,3,volatile,0.011505266651511192
8,4,3,volatile,0.012315817177295685
9,4,3,volatile,0.006062188185751438
10,4,3,volatile,0.014981957152485847
11,4,3,volatile,0.012895403429865837
1,4,3,inline,0.002029775409027934
2,4,3,inline,0.003124719252809882
3,4,3,inline,0.0035405175294727087
4,4,3,inline,0.001425356138497591
5,4,3,inline,0.0019833934493362904
6,4,3,inline,0.004195047076791525
7,4,3,inline,0.004969635978341103
8,4,3,inline,0.0022397940047085285
9,4,3,inline,0.0018338041845709085
10,4,3,inline,0.006112218834459782
1,4,4,involatile,0.0048301685601472855
2,4,4,involatile,0.0018403532449156046
3,4,4,involatile,0.0018146529328078032
4,4,4,involatile,0.002923051593825221
5,4,4,involatile,0.0046559348702430725
6,4,4,involatile,0.003097356064245105
7,4,4,involatile,0.0025258820969611406
8,4,4,involatile,0.00467924028635025
9,4,4,involatile,0.001828265842050314
10,4,4,involatile,0.0021486051846295595
1,4,4,volatile,0.00794048048555851
2,4,4,volatile,0.01782282255589962
3,4,4,volatile,0.007281784433871508
4,4,4,volatile,0.012400731444358826
5,4,4,volatile,0.019015058875083923
6,4,4,volatile,0.010905668139457703
7,4,4,volatile,0.0048001050017774105
8,4,4,volatile,0.004610614385455847
9,4,4,volatile,0.008116215467453003
10,4,4,volatile,0.023594507947564125
11,4,4,volatile,0.010366121307015419
1,4,4,inline,0.008096791803836823
2,4,4,inline,0.0015030240174382925
3,4,4,inline,0.0032947480212897062
4,4,4,inline,0.005736672319471836
5,4,4,inline,0.00688825873658061
6,4,4,inline,0.002210530685260892
7,4,4,inline,0.002774003427475691
8,4,4,inline,0.005040377378463745
9,4,4,inline,0.0019038416212424636
10,4,4,inline,0.0026438268832862377
1,3,1,inline,0.006670670583844185
